{
    "1": {
        "14": {
            "rating": 1428.5162096311155,
            "userId": 101
        },
        "15": {
            "rating": 1549.9923820332342,
            "userId": 106
        },
        "16": {
            "rating": 1274.326863139024,
            "userId": 77
        },
        "17": {
            "rating": 1261.4047608166725,
            "userId": 21
        },
        "18": {
            "rating": 1833.2592586861454,
            "userId": 56
        },
        "20": {
            "rating": 1490.9961898473243,
            "userId": 174
        },
        "21": {
            "rating": 1344.1440647872848,
            "userId": 175
        },
        "22": {
            "rating": 1280.9431584741403,
            "userId": 178
        },
        "24": {
            "rating": 1139.5043666967965,
            "userId": 180
        },
        "25": {
            "rating": 1797.4676208695987,
            "userId": 181
        },
        "26": {
            "rating": 0,
            "userId": 182
        },
        "27": {
            "rating": 1350.9320482671799,
            "userId": 183
        },
        "28": {
            "rating": 1370.5,
            "userId": 138
        },
        "31": {
            "rating": 0,
            "userId": 185
        },
        "33": {
            "rating": 0,
            "userId": 186
        },
        "35": {
            "rating": 1631.7778167210306,
            "userId": 188
        },
        "37": {
            "rating": 1282.0935117520592,
            "userId": 189
        },
        "38": {
            "rating": 2083.2728672377216,
            "userId": 190
        },
        "39": {
            "rating": 1880.9412322166418,
            "userId": 173
        },
        "40": {
            "rating": 0,
            "userId": 191
        },
        "43": {
            "rating": 0,
            "userId": 192
        },
        "44": {
            "rating": 1332.3357638752823,
            "userId": 193
        },
        "45": {
            "rating": 1546.011956785724,
            "userId": 194
        },
        "46": {
            "rating": 1525.2165230257676,
            "userId": 195
        },
        "47": {
            "rating": 1740.7385805510335,
            "userId": 23
        }
    },
    "2": {
        "29": {
            "rating": 0,
            "userId": 138
        },
        "50": {
            "rating": 0,
            "userId": 190
        }
    },
    "3": {
        "1": {
            "rating": 1588.3253310291277,
            "userId": 1
        },
        "2": {
            "rating": 1498.9550311102566,
            "userId": 6
        },
        "5": {
            "rating": 1619.5795966850649,
            "userId": 3
        },
        "7": {
            "rating": 1438.528823011176,
            "userId": 11
        },
        "8": {
            "rating": 1321.8877061637531,
            "userId": 17
        },
        "10": {
            "rating": 1486.1616877516087,
            "userId": 37
        },
        "11": {
            "rating": 1409.0726449808442,
            "userId": 55
        },
        "19": {
            "rating": 1414.2445890055717,
            "userId": 25
        },
        "32": {
            "rating": 1477.122567304126,
            "userId": 182
        },
        "36": {
            "rating": 1755.63346804868,
            "userId": 50
        },
        "52": {
            "rating": 1439.1146787636537,
            "userId": 10
        }
    },
    "4": {
        "3": {
            "rating": 1493.3333333333333,
            "userId": 9
        },
        "4": {
            "rating": 1425.6365628662074,
            "userId": 1
        },
        "6": {
            "rating": 1320.75816810315,
            "userId": 6
        },
        "9": {
            "rating": 1452.1153956885487,
            "userId": 25
        },
        "12": {
            "rating": 1741.2288588212996,
            "userId": 10
        },
        "13": {
            "rating": 1764.6362077906463,
            "userId": 50
        },
        "30": {
            "rating": 0,
            "userId": 184
        },
        "48": {
            "rating": 1468.834600323807,
            "userId": 3
        }
    },
    "5": {
        "23": {
            "rating": 0,
            "userId": 179
        },
        "34": {
            "rating": 0,
            "userId": 187
        },
        "41": {
            "rating": 0,
            "userId": 2
        },
        "49": {
            "rating": 0,
            "userId": 198
        },
        "51": {
            "rating": 0,
            "userId": 93
        }
    },
    "6": {
        "42": {
            "rating": 0,
            "userId": 2
        }
    }
}
